phenotype,marker,chr,pos,ci.low,ci.high,lod,p_pos,p_ci.low,p_ci.high,interval,threshold
S_ratio,1_33835830,1,51.5,48,65.5,3.7193663375512003,33.836,32.606,51.321,18.714999999999996,3.613
Mo_leaf,3_148009069,3,56.856353,47.12180175,68,3.567470554174694,148.009,43.475,164.567,121.09200000000001,3.528
Mg_ratio,3_164567457,3,68,64,73,3.614188500489064,164.567,158.932,173.057,14.125,3.57
Sr_seed,5_33844024,5,54.36609528,46.5,72.5,3.6436807527770623,33.844,22.827,167.822,144.995,3.574
Sr_ratio,5_35961836,5,54.73923653,10,58.5,4.469658472126355,35.962,5.212,63.741,58.528999999999996,3.714
Al_ratio,5_201923912,5,101,95.5,112.1451022,3.786163834616616,201.924,196.156,205.564,9.407999999999987,3.541
K_seed,6_165686243,6,107.5,99.5,110.7469788,3.511878537261424,165.686,160.805,165.686,4.881,3.506
Na_leaf,9_136646491,9,68.5,50.14597499,79.5,3.6616550359697015,136.646,34.991,140.188,105.19699999999999,3.602
Ni_seed,9_150518204,9,113,0,118.0826664,3.827287800316597,150.518,2.486,153.187,150.70100000000002,3.547
